ERwin Property Ids,1075850516::User Formatted Name  [read only],0::Object Type  [read only],1073742125::Definition,1073742126::Name,1075848986::Value,1075849148::Comments,1075849176::Physical Name,1075850193::Dependent Objects  [read only],1075852278::Extended Notes Order  [read only]
1075839020::596,CK_Employee_BirthDate,Validation Rule,,CK_Employee_BirthDate," BETWEEN '1930-01-01' AND 'dateadd(year,(-18),getdate'",,CK_Employee_BirthDate,CK_Employee_BirthDate,
1075839020::598,CK_Employee_MaritalStatus,Validation Rule,,CK_Employee_MaritalStatus,[]='S' OR []='M',,CK_Employee_MaritalStatus,CK_Employee_MaritalStatus,
1075839020::600,CK_Employee_Gender,Validation Rule,,CK_Employee_Gender,[]='F' OR []='M',,CK_Employee_Gender,CK_Employee_Gender,
1075839020::602,CK_Employee_HireDate,Validation Rule,,CK_Employee_HireDate," BETWEEN '1996-07-01' AND 'dateadd(day,(1),getdate'",,CK_Employee_HireDate,CK_Employee_HireDate,
1075839020::606,CK_Employee_VacationHours,Validation Rule,,CK_Employee_VacationHours, BETWEEN -40 AND 240,,CK_Employee_VacationHours,CK_Employee_VacationHours,
1075839020::610,CK_Employee_SickLeaveHours,Validation Rule,,CK_Employee_SickLeaveHours, BETWEEN 0 AND 120,,CK_Employee_SickLeaveHours,CK_Employee_SickLeaveHours,
1075839020::660,CK_EmployeeDepartmentHistory_EndDate,Validation Rule,,CK_EmployeeDepartmentHistory_EndDate,[EndDate]>=[StartDate] OR [EndDate] IS NULL,,CK_EmployeeDepartmentHistory_EndDate,CK_EmployeeDepartmentHistory_EndDate,
1075839020::667,CK_EmployeePayHistory_Rate,Validation Rule,,CK_EmployeePayHistory_Rate, BETWEEN 6.50 AND 200.00,,CK_EmployeePayHistory_Rate,CK_EmployeePayHistory_Rate,
1075839020::669,CK_EmployeePayHistory_PayFrequency,Validation Rule,,CK_EmployeePayHistory_PayFrequency,[]=2 OR []=1,,CK_EmployeePayHistory_PayFrequency,CK_EmployeePayHistory_PayFrequency,
1075839020::876,CK_Person_PersonType,Validation Rule,,CK_Person_PersonType,[PersonType] IS NULL OR (upper([PersonType])='GC' OR upper([PersonType])='SP' OR upper([PersonType])='EM' OR upper([PersonType])='IN' OR upper([PersonType])='VC' OR upper([PersonType])='SC'),,CK_Person_PersonType,CK_Person_PersonType,
1075839020::880,CK_Person_EmailPromotion,Validation Rule,,CK_Person_EmailPromotion, BETWEEN 0 AND 2,,CK_Person_EmailPromotion,CK_Person_EmailPromotion,
1075839020::965,CK_BillOfMaterials_PerAssemblyQty,Validation Rule,,CK_BillOfMaterials_PerAssemblyQty, >= 1.00,,CK_BillOfMaterials_PerAssemblyQty,CK_BillOfMaterials_PerAssemblyQty,
1075839020::982,CK_BillOfMaterials_EndDate,Validation Rule,,CK_BillOfMaterials_EndDate,[EndDate]>[StartDate] OR [EndDate] IS NULL,,CK_BillOfMaterials_EndDate,CK_BillOfMaterials_EndDate,
1075839020::984,CK_BillOfMaterials_ProductAssemblyID,Validation Rule,,CK_BillOfMaterials_ProductAssemblyID,[ProductAssemblyID]<>[ComponentID],,CK_BillOfMaterials_ProductAssemblyID,CK_BillOfMaterials_ProductAssemblyID,
1075839020::986,CK_BillOfMaterials_BOMLevel,Validation Rule,,CK_BillOfMaterials_BOMLevel,[ProductAssemblyID] IS NULL AND [BOMLevel]=(0) AND [PerAssemblyQty]=(1.00) OR [ProductAssemblyID] IS NOT NULL AND [BOMLevel]>=(1),,CK_BillOfMaterials_BOMLevel,CK_BillOfMaterials_BOMLevel,
1075839020::1017,CK_Document_Status,Validation Rule,,CK_Document_Status, BETWEEN 1 AND 3,,CK_Document_Status,CK_Document_Status,
1075839020::1056,CK_Location_CostRate,Validation Rule,,CK_Location_CostRate, >= 0.00,,CK_Location_CostRate,CK_Location_CostRate,
1075839020::1060,CK_Location_Availability,Validation Rule,,CK_Location_Availability, >= 0.00,,CK_Location_Availability,CK_Location_Availability,
1075839020::1101,CK_Product_SafetyStockLevel,Validation Rule,,CK_Product_SafetyStockLevel,[SafetyStockLevel]>(0),,CK_Product_SafetyStockLevel,CK_Product_SafetyStockLevel,
1075839020::1103,CK_Product_ReorderPoint,Validation Rule,,CK_Product_ReorderPoint,[ReorderPoint]>(0),,CK_Product_ReorderPoint,CK_Product_ReorderPoint,
1075839020::1105,CK_Product_StandardCost,Validation Rule,,CK_Product_StandardCost, >= 0.00,,CK_Product_StandardCost,CK_Product_StandardCost,
1075839020::1107,CK_Product_ListPrice,Validation Rule,,CK_Product_ListPrice, >= 0.00,,CK_Product_ListPrice,CK_Product_ListPrice,
1075839020::1109,CK_Product_Weight,Validation Rule,,CK_Product_Weight,[Weight]>(0.00),,CK_Product_Weight,CK_Product_Weight,
1075839020::1111,CK_Product_DaysToManufacture,Validation Rule,,CK_Product_DaysToManufacture, >= 0,,CK_Product_DaysToManufacture,CK_Product_DaysToManufacture,
1075839020::1113,CK_Product_ProductLine,Validation Rule,,CK_Product_ProductLine,upper([ProductLine])='R' OR upper([ProductLine])='M' OR upper([ProductLine])='T' OR upper([ProductLine])='S' OR [ProductLine] IS NULL,,CK_Product_ProductLine,CK_Product_ProductLine,
1075839020::1115,CK_Product_Class,Validation Rule,,CK_Product_Class,upper([Class])='H' OR upper([Class])='M' OR upper([Class])='L' OR [Class] IS NULL,,CK_Product_Class,CK_Product_Class,
1075839020::1117,CK_Product_Style,Validation Rule,,CK_Product_Style,upper([Style])='U' OR upper([Style])='M' OR upper([Style])='W' OR [Style] IS NULL,,CK_Product_Style,CK_Product_Style,
1075839020::1135,CK_Product_SellEndDate,Validation Rule,,CK_Product_SellEndDate,[SellEndDate]>=[SellStartDate] OR [SellEndDate] IS NULL,,CK_Product_SellEndDate,CK_Product_SellEndDate,
1075839020::1159,CK_ProductCostHistory_StandardCost,Validation Rule,,CK_ProductCostHistory_StandardCost, >= 0.00,,CK_ProductCostHistory_StandardCost,CK_ProductCostHistory_StandardCost,
1075839020::1167,CK_ProductCostHistory_EndDate,Validation Rule,,CK_ProductCostHistory_EndDate,[EndDate]>=[StartDate] OR [EndDate] IS NULL,,CK_ProductCostHistory_EndDate,CK_ProductCostHistory_EndDate,
1075839020::1199,CK_ProductInventory_Shelf,Validation Rule,,CK_ProductInventory_Shelf,[Shelf] like '[A-Za-z]' OR [Shelf]='N/A',,CK_ProductInventory_Shelf,CK_ProductInventory_Shelf,
1075839020::1201,CK_ProductInventory_Bin,Validation Rule,,CK_ProductInventory_Bin, BETWEEN 0 AND 100,,CK_ProductInventory_Bin,CK_ProductInventory_Bin,
1075839020::1218,CK_ProductListPriceHistory_ListPrice,Validation Rule,,CK_ProductListPriceHistory_ListPrice,[ListPrice]>(0.00),,CK_ProductListPriceHistory_ListPrice,CK_ProductListPriceHistory_ListPrice,
1075839020::1226,CK_ProductListPriceHistory_EndDate,Validation Rule,,CK_ProductListPriceHistory_EndDate,[EndDate]>=[StartDate] OR [EndDate] IS NULL,,CK_ProductListPriceHistory_EndDate,CK_ProductListPriceHistory_EndDate,
1075839020::1302,CK_ProductReview_Rating,Validation Rule,,CK_ProductReview_Rating, BETWEEN 1 AND 5,,CK_ProductReview_Rating,CK_ProductReview_Rating,
1075839020::1357,CK_TransactionHistory_TransactionType,Validation Rule,,CK_TransactionHistory_TransactionType,[]='P' OR []='S' OR []='W',,CK_TransactionHistory_TransactionType,CK_TransactionHistory_TransactionType,
1075839020::1384,CK_TransactionHistoryArchive_TransactionType,Validation Rule,,CK_TransactionHistoryArchive_TransactionType,[]='P' OR []='S' OR []='W',,CK_TransactionHistoryArchive_TransactionType,CK_TransactionHistoryArchive_TransactionType,
1075839020::1419,CK_WorkOrder_OrderQty,Validation Rule,,CK_WorkOrder_OrderQty,[OrderQty]>(0),,CK_WorkOrder_OrderQty,CK_WorkOrder_OrderQty,
1075839020::1421,CK_WorkOrder_ScrappedQty,Validation Rule,,CK_WorkOrder_ScrappedQty, >= 0,,CK_WorkOrder_ScrappedQty,CK_WorkOrder_ScrappedQty,
1075839020::1434,CK_WorkOrder_EndDate,Validation Rule,,CK_WorkOrder_EndDate,[EndDate]>=[StartDate] OR [EndDate] IS NULL,,CK_WorkOrder_EndDate,CK_WorkOrder_EndDate,
1075839020::1450,CK_WorkOrderRouting_ActualResourceHrs,Validation Rule,,CK_WorkOrderRouting_ActualResourceHrs, >= 0.0000,,CK_WorkOrderRouting_ActualResourceHrs,CK_WorkOrderRouting_ActualResourceHrs,
1075839020::1452,CK_WorkOrderRouting_PlannedCost,Validation Rule,,CK_WorkOrderRouting_PlannedCost,[PlannedCost]>(0.00),,CK_WorkOrderRouting_PlannedCost,CK_WorkOrderRouting_PlannedCost,
1075839020::1454,CK_WorkOrderRouting_ActualCost,Validation Rule,,CK_WorkOrderRouting_ActualCost,[ActualCost]>(0.00),,CK_WorkOrderRouting_ActualCost,CK_WorkOrderRouting_ActualCost,
1075839020::1466,CK_WorkOrderRouting_ScheduledEndDate,Validation Rule,,CK_WorkOrderRouting_ScheduledEndDate,[ScheduledEndDate]>=[ScheduledStartDate],,CK_WorkOrderRouting_ScheduledEndDate,CK_WorkOrderRouting_ScheduledEndDate,
1075839020::1468,CK_WorkOrderRouting_ActualEndDate,Validation Rule,,CK_WorkOrderRouting_ActualEndDate,[ActualEndDate]>=[ActualStartDate] OR [ActualEndDate] IS NULL OR [ActualStartDate] IS NULL,,CK_WorkOrderRouting_ActualEndDate,CK_WorkOrderRouting_ActualEndDate,
1075839020::1481,CK_ProductVendor_AverageLeadTime,Validation Rule,,CK_ProductVendor_AverageLeadTime, >= 1,,CK_ProductVendor_AverageLeadTime,CK_ProductVendor_AverageLeadTime,
1075839020::1483,CK_ProductVendor_StandardPrice,Validation Rule,,CK_ProductVendor_StandardPrice,[StandardPrice]>(0.00),,CK_ProductVendor_StandardPrice,CK_ProductVendor_StandardPrice,
1075839020::1485,CK_ProductVendor_LastReceiptCost,Validation Rule,,CK_ProductVendor_LastReceiptCost,[LastReceiptCost]>(0.00),,CK_ProductVendor_LastReceiptCost,CK_ProductVendor_LastReceiptCost,
1075839020::1487,CK_ProductVendor_MinOrderQty,Validation Rule,,CK_ProductVendor_MinOrderQty, >= 1,,CK_ProductVendor_MinOrderQty,CK_ProductVendor_MinOrderQty,
1075839020::1489,CK_ProductVendor_MaxOrderQty,Validation Rule,,CK_ProductVendor_MaxOrderQty, >= 1,,CK_ProductVendor_MaxOrderQty,CK_ProductVendor_MaxOrderQty,
1075839020::1491,CK_ProductVendor_OnOrderQty,Validation Rule,,CK_ProductVendor_OnOrderQty, >= 0,,CK_ProductVendor_OnOrderQty,CK_ProductVendor_OnOrderQty,
1075839020::1516,CK_PurchaseOrderDetail_OrderQty,Validation Rule,,CK_PurchaseOrderDetail_OrderQty,[OrderQty]>(0),,CK_PurchaseOrderDetail_OrderQty,CK_PurchaseOrderDetail_OrderQty,
1075839020::1518,CK_PurchaseOrderDetail_UnitPrice,Validation Rule,,CK_PurchaseOrderDetail_UnitPrice, >= 0.00,,CK_PurchaseOrderDetail_UnitPrice,CK_PurchaseOrderDetail_UnitPrice,
1075839020::1520,CK_PurchaseOrderDetail_ReceivedQty,Validation Rule,,CK_PurchaseOrderDetail_ReceivedQty, >= 0.00,,CK_PurchaseOrderDetail_ReceivedQty,CK_PurchaseOrderDetail_ReceivedQty,
1075839020::1522,CK_PurchaseOrderDetail_RejectedQty,Validation Rule,,CK_PurchaseOrderDetail_RejectedQty, >= 0.00,,CK_PurchaseOrderDetail_RejectedQty,CK_PurchaseOrderDetail_RejectedQty,
1075839020::1550,CK_PurchaseOrderHeader_Status,Validation Rule,,CK_PurchaseOrderHeader_Status, BETWEEN 1 AND 4,,CK_PurchaseOrderHeader_Status,CK_PurchaseOrderHeader_Status,
1075839020::1556,CK_PurchaseOrderHeader_SubTotal,Validation Rule,,CK_PurchaseOrderHeader_SubTotal, >= 0.00,,CK_PurchaseOrderHeader_SubTotal,CK_PurchaseOrderHeader_SubTotal,
1075839020::1560,CK_PurchaseOrderHeader_TaxAmt,Validation Rule,,CK_PurchaseOrderHeader_TaxAmt, >= 0.00,,CK_PurchaseOrderHeader_TaxAmt,CK_PurchaseOrderHeader_TaxAmt,
1075839020::1564,CK_PurchaseOrderHeader_Freight,Validation Rule,,CK_PurchaseOrderHeader_Freight, >= 0.00,,CK_PurchaseOrderHeader_Freight,CK_PurchaseOrderHeader_Freight,
1075839020::1579,CK_PurchaseOrderHeader_ShipDate,Validation Rule,,CK_PurchaseOrderHeader_ShipDate,[ShipDate]>=[OrderDate] OR [ShipDate] IS NULL,,CK_PurchaseOrderHeader_ShipDate,CK_PurchaseOrderHeader_ShipDate,
1075839020::1588,CK_ShipMethod_ShipBase,Validation Rule,,CK_ShipMethod_ShipBase,[ShipBase]>(0.00),,CK_ShipMethod_ShipBase,CK_ShipMethod_ShipBase,
1075839020::1592,CK_ShipMethod_ShipRate,Validation Rule,,CK_ShipMethod_ShipRate,[ShipRate]>(0.00),,CK_ShipMethod_ShipRate,CK_ShipMethod_ShipRate,
1075839020::1617,CK_Vendor_CreditRating,Validation Rule,,CK_Vendor_CreditRating, BETWEEN 1 AND 5,,CK_Vendor_CreditRating,CK_Vendor_CreditRating,
1075839020::1729,CK_SalesOrderDetail_OrderQty,Validation Rule,,CK_SalesOrderDetail_OrderQty,[OrderQty]>(0),,CK_SalesOrderDetail_OrderQty,CK_SalesOrderDetail_OrderQty,
1075839020::1731,CK_SalesOrderDetail_UnitPrice,Validation Rule,,CK_SalesOrderDetail_UnitPrice, >= 0.00,,CK_SalesOrderDetail_UnitPrice,CK_SalesOrderDetail_UnitPrice,
1075839020::1733,CK_SalesOrderDetail_UnitPriceDiscount,Validation Rule,,CK_SalesOrderDetail_UnitPriceDiscount, >= 0.00,,CK_SalesOrderDetail_UnitPriceDiscount,CK_SalesOrderDetail_UnitPriceDiscount,
1075839020::1782,CK_SalesOrderHeader_Status,Validation Rule,,CK_SalesOrderHeader_Status, BETWEEN 0 AND 8,,CK_SalesOrderHeader_Status,CK_SalesOrderHeader_Status,
1075839020::1788,CK_SalesOrderHeader_SubTotal,Validation Rule,,CK_SalesOrderHeader_SubTotal, >= 0.00,,CK_SalesOrderHeader_SubTotal,CK_SalesOrderHeader_SubTotal,
1075839020::1792,CK_SalesOrderHeader_TaxAmt,Validation Rule,,CK_SalesOrderHeader_TaxAmt, >= 0.00,,CK_SalesOrderHeader_TaxAmt,CK_SalesOrderHeader_TaxAmt,
1075839020::1796,CK_SalesOrderHeader_Freight,Validation Rule,,CK_SalesOrderHeader_Freight, >= 0.00,,CK_SalesOrderHeader_Freight,CK_SalesOrderHeader_Freight,
1075839020::1819,CK_SalesOrderHeader_DueDate,Validation Rule,,CK_SalesOrderHeader_DueDate,[DueDate]>=[OrderDate],,CK_SalesOrderHeader_DueDate,CK_SalesOrderHeader_DueDate,
1075839020::1821,CK_SalesOrderHeader_ShipDate,Validation Rule,,CK_SalesOrderHeader_ShipDate,[ShipDate]>=[OrderDate] OR [ShipDate] IS NULL,,CK_SalesOrderHeader_ShipDate,CK_SalesOrderHeader_ShipDate,
1075839020::1842,CK_SalesPerson_SalesQuota,Validation Rule,,CK_SalesPerson_SalesQuota,[SalesQuota]>(0.00),,CK_SalesPerson_SalesQuota,CK_SalesPerson_SalesQuota,
1075839020::1844,CK_SalesPerson_Bonus,Validation Rule,,CK_SalesPerson_Bonus, >= 0.00,,CK_SalesPerson_Bonus,CK_SalesPerson_Bonus,
1075839020::1848,CK_SalesPerson_CommissionPct,Validation Rule,,CK_SalesPerson_CommissionPct, >= 0.00,,CK_SalesPerson_CommissionPct,CK_SalesPerson_CommissionPct,
1075839020::1852,CK_SalesPerson_SalesYTD,Validation Rule,,CK_SalesPerson_SalesYTD, >= 0.00,,CK_SalesPerson_SalesYTD,CK_SalesPerson_SalesYTD,
1075839020::1856,CK_SalesPerson_SalesLastYear,Validation Rule,,CK_SalesPerson_SalesLastYear, >= 0.00,,CK_SalesPerson_SalesLastYear,CK_SalesPerson_SalesLastYear,
1075839020::1875,CK_SalesPersonQuotaHistory_SalesQuota,Validation Rule,,CK_SalesPersonQuotaHistory_SalesQuota,[SalesQuota]>(0.00),,CK_SalesPersonQuotaHistory_SalesQuota,CK_SalesPersonQuotaHistory_SalesQuota,
1075839020::1904,CK_SalesTaxRate_TaxType,Validation Rule,,CK_SalesTaxRate_TaxType, BETWEEN 1 AND 3,,CK_SalesTaxRate_TaxType,CK_SalesTaxRate_TaxType,
1075839020::1932,CK_SalesTerritory_SalesYTD,Validation Rule,,CK_SalesTerritory_SalesYTD, >= 0.00,,CK_SalesTerritory_SalesYTD,CK_SalesTerritory_SalesYTD,
1075839020::1936,CK_SalesTerritory_SalesLastYear,Validation Rule,,CK_SalesTerritory_SalesLastYear, >= 0.00,,CK_SalesTerritory_SalesLastYear,CK_SalesTerritory_SalesLastYear,
1075839020::1940,CK_SalesTerritory_CostYTD,Validation Rule,,CK_SalesTerritory_CostYTD, >= 0.00,,CK_SalesTerritory_CostYTD,CK_SalesTerritory_CostYTD,
1075839020::1944,CK_SalesTerritory_CostLastYear,Validation Rule,,CK_SalesTerritory_CostLastYear, >= 0.00,,CK_SalesTerritory_CostLastYear,CK_SalesTerritory_CostLastYear,
1075839020::1979,CK_SalesTerritoryHistory_EndDate,Validation Rule,,CK_SalesTerritoryHistory_EndDate,[EndDate]>=[StartDate] OR [EndDate] IS NULL,,CK_SalesTerritoryHistory_EndDate,CK_SalesTerritoryHistory_EndDate,
1075839020::1987,CK_ShoppingCartItem_Quantity,Validation Rule,,CK_ShoppingCartItem_Quantity, >= 1,,CK_ShoppingCartItem_Quantity,CK_ShoppingCartItem_Quantity,
1075839020::2013,CK_SpecialOffer_DiscountPct,Validation Rule,,CK_SpecialOffer_DiscountPct, >= 0.00,,CK_SpecialOffer_DiscountPct,CK_SpecialOffer_DiscountPct,
1075839020::2017,CK_SpecialOffer_MinQty,Validation Rule,,CK_SpecialOffer_MinQty, >= 0,,CK_SpecialOffer_MinQty,CK_SpecialOffer_MinQty,
1075839020::2021,CK_SpecialOffer_MaxQty,Validation Rule,,CK_SpecialOffer_MaxQty, >= 0,,CK_SpecialOffer_MaxQty,CK_SpecialOffer_MaxQty,
1075839020::2033,CK_SpecialOffer_EndDate,Validation Rule,,CK_SpecialOffer_EndDate,[EndDate]>=[StartDate],,CK_SpecialOffer_EndDate,CK_SpecialOffer_EndDate,
1075839170::539,DF_AWBuildVersion_ModifiedDate,Default Constraint Usage,,DF_AWBuildVersion_ModifiedDate,getdate(),,DF_AWBuildVersion_ModifiedDate,,
1075839170::564,DF_ErrorLog_ErrorTime,Default Constraint Usage,,DF_ErrorLog_ErrorTime,getdate(),,DF_ErrorLog_ErrorTime,,
1075839170::573,DF_Department_ModifiedDate,Default Constraint Usage,,DF_Department_ModifiedDate,getdate(),,DF_Department_ModifiedDate,,
1075839170::605,DF_Employee_SalariedFlag,Default Constraint Usage,,DF_Employee_SalariedFlag,1,,DF_Employee_SalariedFlag,,
1075839170::609,DF_Employee_VacationHours,Default Constraint Usage,,DF_Employee_VacationHours,0,,DF_Employee_VacationHours,,
1075839170::613,DF_Employee_SickLeaveHours,Default Constraint Usage,,DF_Employee_SickLeaveHours,0,,DF_Employee_SickLeaveHours,,
1075839170::615,DF_Employee_CurrentFlag,Default Constraint Usage,,DF_Employee_CurrentFlag,1,,DF_Employee_CurrentFlag,,
1075839170::617,DF_Employee_rowguid,Default Constraint Usage,,DF_Employee_rowguid,newid(),,DF_Employee_rowguid,,
1075839170::619,DF_Employee_ModifiedDate,Default Constraint Usage,,DF_Employee_ModifiedDate,getdate(),,DF_Employee_ModifiedDate,,
1075839170::647,DF_EmployeeDepartmentHistory_ModifiedDate,Default Constraint Usage,,DF_EmployeeDepartmentHistory_ModifiedDate,getdate(),,DF_EmployeeDepartmentHistory_ModifiedDate,,
1075839170::672,DF_EmployeePayHistory_ModifiedDate,Default Constraint Usage,,DF_EmployeePayHistory_ModifiedDate,getdate(),,DF_EmployeePayHistory_ModifiedDate,,
1075839170::682,DF_JobCandidate_ModifiedDate,Default Constraint Usage,,DF_JobCandidate_ModifiedDate,getdate(),,DF_JobCandidate_ModifiedDate,,
1075839170::697,DF_Shift_ModifiedDate,Default Constraint Usage,,DF_Shift_ModifiedDate,getdate(),,DF_Shift_ModifiedDate,,
1075839170::718,DF_Address_rowguid,Default Constraint Usage,,DF_Address_rowguid,newid(),,DF_Address_rowguid,,
1075839170::720,DF_Address_ModifiedDate,Default Constraint Usage,,DF_Address_ModifiedDate,getdate(),,DF_Address_ModifiedDate,,
1075839170::742,DF_AddressType_rowguid,Default Constraint Usage,,DF_AddressType_rowguid,newid(),,DF_AddressType_rowguid,,
1075839170::744,DF_AddressType_ModifiedDate,Default Constraint Usage,,DF_AddressType_ModifiedDate,getdate(),,DF_AddressType_ModifiedDate,,
1075839170::758,DF_BusinessEntity_rowguid,Default Constraint Usage,,DF_BusinessEntity_rowguid,newid(),,DF_BusinessEntity_rowguid,,
1075839170::760,DF_BusinessEntity_ModifiedDate,Default Constraint Usage,,DF_BusinessEntity_ModifiedDate,getdate(),,DF_BusinessEntity_ModifiedDate,,
1075839170::773,DF_BusinessEntityAddress_rowguid,Default Constraint Usage,,DF_BusinessEntityAddress_rowguid,newid(),,DF_BusinessEntityAddress_rowguid,,
1075839170::775,DF_BusinessEntityAddress_ModifiedDate,Default Constraint Usage,,DF_BusinessEntityAddress_ModifiedDate,getdate(),,DF_BusinessEntityAddress_ModifiedDate,,
1075839170::796,DF_BusinessEntityContact_rowguid,Default Constraint Usage,,DF_BusinessEntityContact_rowguid,newid(),,DF_BusinessEntityContact_rowguid,,
1075839170::798,DF_BusinessEntityContact_ModifiedDate,Default Constraint Usage,,DF_BusinessEntityContact_ModifiedDate,getdate(),,DF_BusinessEntityContact_ModifiedDate,,
1075839170::817,DF_ContactType_ModifiedDate,Default Constraint Usage,,DF_ContactType_ModifiedDate,getdate(),,DF_ContactType_ModifiedDate,,
1075839170::828,DF_CountryRegion_ModifiedDate,Default Constraint Usage,,DF_CountryRegion_ModifiedDate,getdate(),,DF_CountryRegion_ModifiedDate,,
1075839170::841,DF_EmailAddress_rowguid,Default Constraint Usage,,DF_EmailAddress_rowguid,newid(),,DF_EmailAddress_rowguid,,
1075839170::843,DF_EmailAddress_ModifiedDate,Default Constraint Usage,,DF_EmailAddress_ModifiedDate,getdate(),,DF_EmailAddress_ModifiedDate,,
1075839170::857,DF_Password_rowguid,Default Constraint Usage,,DF_Password_rowguid,newid(),,DF_Password_rowguid,,
1075839170::859,DF_Password_ModifiedDate,Default Constraint Usage,,DF_Password_ModifiedDate,getdate(),,DF_Password_ModifiedDate,,
1075839170::879,DF_Person_NameStyle,Default Constraint Usage,,DF_Person_NameStyle,0,,DF_Person_NameStyle,,
1075839170::883,DF_Person_EmailPromotion,Default Constraint Usage,,DF_Person_EmailPromotion,0,,DF_Person_EmailPromotion,,
1075839170::885,DF_Person_rowguid,Default Constraint Usage,,DF_Person_rowguid,newid(),,DF_Person_rowguid,,
1075839170::887,DF_Person_ModifiedDate,Default Constraint Usage,,DF_Person_ModifiedDate,getdate(),,DF_Person_ModifiedDate,,
1075839170::910,DF_PersonPhone_ModifiedDate,Default Constraint Usage,,DF_PersonPhone_ModifiedDate,getdate(),,DF_PersonPhone_ModifiedDate,,
1075839170::923,DF_PhoneNumberType_ModifiedDate,Default Constraint Usage,,DF_PhoneNumberType_ModifiedDate,getdate(),,DF_PhoneNumberType_ModifiedDate,,
1075839170::936,DF_StateProvince_IsOnlyStateProvinceFlag,Default Constraint Usage,,DF_StateProvince_IsOnlyStateProvinceFlag,1,,DF_StateProvince_IsOnlyStateProvinceFlag,,
1075839170::938,DF_StateProvince_rowguid,Default Constraint Usage,,DF_StateProvince_rowguid,newid(),,DF_StateProvince_rowguid,,
1075839170::940,DF_StateProvince_ModifiedDate,Default Constraint Usage,,DF_StateProvince_ModifiedDate,getdate(),,DF_StateProvince_ModifiedDate,,
1075839170::964,DF_BillOfMaterials_StartDate,Default Constraint Usage,,DF_BillOfMaterials_StartDate,getdate(),,DF_BillOfMaterials_StartDate,,
1075839170::968,DF_BillOfMaterials_PerAssemblyQty,Default Constraint Usage,,DF_BillOfMaterials_PerAssemblyQty,1,,DF_BillOfMaterials_PerAssemblyQty,,
1075839170::970,DF_BillOfMaterials_ModifiedDate,Default Constraint Usage,,DF_BillOfMaterials_ModifiedDate,getdate(),,DF_BillOfMaterials_ModifiedDate,,
1075839170::992,DF_Culture_ModifiedDate,Default Constraint Usage,,DF_Culture_ModifiedDate,getdate(),,DF_Culture_ModifiedDate,,
1075839170::1014,DF_Document_FolderFlag,Default Constraint Usage,,DF_Document_FolderFlag,0,,DF_Document_FolderFlag,,
1075839170::1016,DF_Document_ChangeNumber,Default Constraint Usage,,DF_Document_ChangeNumber,0,,DF_Document_ChangeNumber,,
1075839170::1020,DF_Document_rowguid,Default Constraint Usage,,DF_Document_rowguid,newid(),,DF_Document_rowguid,,
1075839170::1022,DF_Document_ModifiedDate,Default Constraint Usage,,DF_Document_ModifiedDate,getdate(),,DF_Document_ModifiedDate,,
1075839170::1047,DF_Illustration_ModifiedDate,Default Constraint Usage,,DF_Illustration_ModifiedDate,getdate(),,DF_Illustration_ModifiedDate,,
1075839170::1059,DF_Location_CostRate,Default Constraint Usage,,DF_Location_CostRate,0,,DF_Location_CostRate,,
1075839170::1063,DF_Location_Availability,Default Constraint Usage,,DF_Location_Availability,0,,DF_Location_Availability,,
1075839170::1065,DF_Location_ModifiedDate,Default Constraint Usage,,DF_Location_ModifiedDate,getdate(),,DF_Location_ModifiedDate,,
1075839170::1098,DF_Product_MakeFlag,Default Constraint Usage,,DF_Product_MakeFlag,1,,DF_Product_MakeFlag,,
1075839170::1100,DF_Product_FinishedGoodsFlag,Default Constraint Usage,,DF_Product_FinishedGoodsFlag,1,,DF_Product_FinishedGoodsFlag,,
1075839170::1120,DF_Product_rowguid,Default Constraint Usage,,DF_Product_rowguid,newid(),,DF_Product_rowguid,,
1075839170::1122,DF_Product_ModifiedDate,Default Constraint Usage,,DF_Product_ModifiedDate,getdate(),,DF_Product_ModifiedDate,,
1075839170::1142,DF_ProductCategory_rowguid,Default Constraint Usage,,DF_ProductCategory_rowguid,newid(),,DF_ProductCategory_rowguid,,
1075839170::1144,DF_ProductCategory_ModifiedDate,Default Constraint Usage,,DF_ProductCategory_ModifiedDate,getdate(),,DF_ProductCategory_ModifiedDate,,
1075839170::1162,DF_ProductCostHistory_ModifiedDate,Default Constraint Usage,,DF_ProductCostHistory_ModifiedDate,getdate(),,DF_ProductCostHistory_ModifiedDate,,
1075839170::1174,DF_ProductDescription_rowguid,Default Constraint Usage,,DF_ProductDescription_rowguid,newid(),,DF_ProductDescription_rowguid,,
1075839170::1176,DF_ProductDescription_ModifiedDate,Default Constraint Usage,,DF_ProductDescription_ModifiedDate,getdate(),,DF_ProductDescription_ModifiedDate,,
1075839170::1187,DF_ProductDocument_ModifiedDate,Default Constraint Usage,,DF_ProductDocument_ModifiedDate,getdate(),,DF_ProductDocument_ModifiedDate,,
1075839170::1204,DF_ProductInventory_Quantity,Default Constraint Usage,,DF_ProductInventory_Quantity,0,,DF_ProductInventory_Quantity,,
1075839170::1206,DF_ProductInventory_rowguid,Default Constraint Usage,,DF_ProductInventory_rowguid,newid(),,DF_ProductInventory_rowguid,,
1075839170::1208,DF_ProductInventory_ModifiedDate,Default Constraint Usage,,DF_ProductInventory_ModifiedDate,getdate(),,DF_ProductInventory_ModifiedDate,,
1075839170::1221,DF_ProductListPriceHistory_ModifiedDate,Default Constraint Usage,,DF_ProductListPriceHistory_ModifiedDate,getdate(),,DF_ProductListPriceHistory_ModifiedDate,,
1075839170::1235,DF_ProductModel_rowguid,Default Constraint Usage,,DF_ProductModel_rowguid,newid(),,DF_ProductModel_rowguid,,
1075839170::1237,DF_ProductModel_ModifiedDate,Default Constraint Usage,,DF_ProductModel_ModifiedDate,getdate(),,DF_ProductModel_ModifiedDate,,
1075839170::1253,DF_ProductModelIllustration_ModifiedDate,Default Constraint Usage,,DF_ProductModelIllustration_ModifiedDate,getdate(),,DF_ProductModelIllustration_ModifiedDate,,
1075839170::1263,DF_ProductModelProductDescriptionCulture_ModifiedDate,Default Constraint Usage,,DF_ProductModelProductDescriptionCulture_ModifiedDate,getdate(),,DF_ProductModelProductDescriptionCulture_ModifiedDate,,
1075839170::1276,DF_ProductPhoto_ModifiedDate,Default Constraint Usage,,DF_ProductPhoto_ModifiedDate,getdate(),,DF_ProductPhoto_ModifiedDate,,
1075839170::1285,DF_ProductProductPhoto_Primary,Default Constraint Usage,,DF_ProductProductPhoto_Primary,0,,DF_ProductProductPhoto_Primary,,
1075839170::1287,DF_ProductProductPhoto_ModifiedDate,Default Constraint Usage,,DF_ProductProductPhoto_ModifiedDate,getdate(),,DF_ProductProductPhoto_ModifiedDate,,
1075839170::1301,DF_ProductReview_ReviewDate,Default Constraint Usage,,DF_ProductReview_ReviewDate,getdate(),,DF_ProductReview_ReviewDate,,
1075839170::1305,DF_ProductReview_ModifiedDate,Default Constraint Usage,,DF_ProductReview_ModifiedDate,getdate(),,DF_ProductReview_ModifiedDate,,
1075839170::1321,DF_ProductSubcategory_rowguid,Default Constraint Usage,,DF_ProductSubcategory_rowguid,newid(),,DF_ProductSubcategory_rowguid,,
1075839170::1323,DF_ProductSubcategory_ModifiedDate,Default Constraint Usage,,DF_ProductSubcategory_ModifiedDate,getdate(),,DF_ProductSubcategory_ModifiedDate,,
1075839170::1337,DF_ScrapReason_ModifiedDate,Default Constraint Usage,,DF_ScrapReason_ModifiedDate,getdate(),,DF_ScrapReason_ModifiedDate,,
1075839170::1354,DF_TransactionHistory_ReferenceOrderLineID,Default Constraint Usage,,DF_TransactionHistory_ReferenceOrderLineID,0,,DF_TransactionHistory_ReferenceOrderLineID,,
1075839170::1356,DF_TransactionHistory_TransactionDate,Default Constraint Usage,,DF_TransactionHistory_TransactionDate,getdate(),,DF_TransactionHistory_TransactionDate,,
1075839170::1360,DF_TransactionHistory_ModifiedDate,Default Constraint Usage,,DF_TransactionHistory_ModifiedDate,getdate(),,DF_TransactionHistory_ModifiedDate,,
1075839170::1381,DF_TransactionHistoryArchive_ReferenceOrderLineID,Default Constraint Usage,,DF_TransactionHistoryArchive_ReferenceOrderLineID,0,,DF_TransactionHistoryArchive_ReferenceOrderLineID,,
1075839170::1383,DF_TransactionHistoryArchive_TransactionDate,Default Constraint Usage,,DF_TransactionHistoryArchive_TransactionDate,getdate(),,DF_TransactionHistoryArchive_TransactionDate,,
1075839170::1387,DF_TransactionHistoryArchive_ModifiedDate,Default Constraint Usage,,DF_TransactionHistoryArchive_ModifiedDate,getdate(),,DF_TransactionHistoryArchive_ModifiedDate,,
1075839170::1402,DF_UnitMeasure_ModifiedDate,Default Constraint Usage,,DF_UnitMeasure_ModifiedDate,getdate(),,DF_UnitMeasure_ModifiedDate,,
1075839170::1424,DF_WorkOrder_ModifiedDate,Default Constraint Usage,,DF_WorkOrder_ModifiedDate,getdate(),,DF_WorkOrder_ModifiedDate,,
1075839170::1457,DF_WorkOrderRouting_ModifiedDate,Default Constraint Usage,,DF_WorkOrderRouting_ModifiedDate,getdate(),,DF_WorkOrderRouting_ModifiedDate,,
1075839170::1494,DF_ProductVendor_ModifiedDate,Default Constraint Usage,,DF_ProductVendor_ModifiedDate,getdate(),,DF_ProductVendor_ModifiedDate,,
1075839170::1525,DF_PurchaseOrderDetail_ModifiedDate,Default Constraint Usage,,DF_PurchaseOrderDetail_ModifiedDate,getdate(),,DF_PurchaseOrderDetail_ModifiedDate,,
1075839170::1549,DF_PurchaseOrderHeader_RevisionNumber,Default Constraint Usage,,DF_PurchaseOrderHeader_RevisionNumber,0,,DF_PurchaseOrderHeader_RevisionNumber,,
1075839170::1553,DF_PurchaseOrderHeader_Status,Default Constraint Usage,,DF_PurchaseOrderHeader_Status,1,,DF_PurchaseOrderHeader_Status,,
1075839170::1555,DF_PurchaseOrderHeader_OrderDate,Default Constraint Usage,,DF_PurchaseOrderHeader_OrderDate,getdate(),,DF_PurchaseOrderHeader_OrderDate,,
1075839170::1559,DF_PurchaseOrderHeader_SubTotal,Default Constraint Usage,,DF_PurchaseOrderHeader_SubTotal,0,,DF_PurchaseOrderHeader_SubTotal,,
1075839170::1563,DF_PurchaseOrderHeader_TaxAmt,Default Constraint Usage,,DF_PurchaseOrderHeader_TaxAmt,0,,DF_PurchaseOrderHeader_TaxAmt,,
1075839170::1567,DF_PurchaseOrderHeader_Freight,Default Constraint Usage,,DF_PurchaseOrderHeader_Freight,0,,DF_PurchaseOrderHeader_Freight,,
1075839170::1569,DF_PurchaseOrderHeader_ModifiedDate,Default Constraint Usage,,DF_PurchaseOrderHeader_ModifiedDate,getdate(),,DF_PurchaseOrderHeader_ModifiedDate,,
1075839170::1591,DF_ShipMethod_ShipBase,Default Constraint Usage,,DF_ShipMethod_ShipBase,0,,DF_ShipMethod_ShipBase,,
1075839170::1595,DF_ShipMethod_ShipRate,Default Constraint Usage,,DF_ShipMethod_ShipRate,0,,DF_ShipMethod_ShipRate,,
1075839170::1597,DF_ShipMethod_rowguid,Default Constraint Usage,,DF_ShipMethod_rowguid,newid(),,DF_ShipMethod_rowguid,,
1075839170::1599,DF_ShipMethod_ModifiedDate,Default Constraint Usage,,DF_ShipMethod_ModifiedDate,getdate(),,DF_ShipMethod_ModifiedDate,,
1075839170::1620,DF_Vendor_PreferredVendorStatus,Default Constraint Usage,,DF_Vendor_PreferredVendorStatus,1,,DF_Vendor_PreferredVendorStatus,,
1075839170::1622,DF_Vendor_ActiveFlag,Default Constraint Usage,,DF_Vendor_ActiveFlag,1,,DF_Vendor_ActiveFlag,,
1075839170::1624,DF_Vendor_ModifiedDate,Default Constraint Usage,,DF_Vendor_ModifiedDate,getdate(),,DF_Vendor_ModifiedDate,,
1075839170::1636,DF_CountryRegionCurrency_ModifiedDate,Default Constraint Usage,,DF_CountryRegionCurrency_ModifiedDate,getdate(),,DF_CountryRegionCurrency_ModifiedDate,,
1075839170::1651,DF_CreditCard_ModifiedDate,Default Constraint Usage,,DF_CreditCard_ModifiedDate,getdate(),,DF_CreditCard_ModifiedDate,,
1075839170::1662,DF_Currency_ModifiedDate,Default Constraint Usage,,DF_Currency_ModifiedDate,getdate(),,DF_Currency_ModifiedDate,,
1075839170::1677,DF_CurrencyRate_ModifiedDate,Default Constraint Usage,,DF_CurrencyRate_ModifiedDate,getdate(),,DF_CurrencyRate_ModifiedDate,,
1075839170::1694,DF_Customer_rowguid,Default Constraint Usage,,DF_Customer_rowguid,newid(),,DF_Customer_rowguid,,
1075839170::1696,DF_Customer_ModifiedDate,Default Constraint Usage,,DF_Customer_ModifiedDate,getdate(),,DF_Customer_ModifiedDate,,
1075839170::1713,DF_PersonCreditCard_ModifiedDate,Default Constraint Usage,,DF_PersonCreditCard_ModifiedDate,getdate(),,DF_PersonCreditCard_ModifiedDate,,
1075839170::1736,DF_SalesOrderDetail_UnitPriceDiscount,Default Constraint Usage,,DF_SalesOrderDetail_UnitPriceDiscount,0,,DF_SalesOrderDetail_UnitPriceDiscount,,
1075839170::1738,DF_SalesOrderDetail_rowguid,Default Constraint Usage,,DF_SalesOrderDetail_rowguid,newid(),,DF_SalesOrderDetail_rowguid,,
1075839170::1740,DF_SalesOrderDetail_ModifiedDate,Default Constraint Usage,,DF_SalesOrderDetail_ModifiedDate,getdate(),,DF_SalesOrderDetail_ModifiedDate,,
1075839170::1779,DF_SalesOrderHeader_RevisionNumber,Default Constraint Usage,,DF_SalesOrderHeader_RevisionNumber,0,,DF_SalesOrderHeader_RevisionNumber,,
1075839170::1781,DF_SalesOrderHeader_OrderDate,Default Constraint Usage,,DF_SalesOrderHeader_OrderDate,getdate(),,DF_SalesOrderHeader_OrderDate,,
1075839170::1785,DF_SalesOrderHeader_Status,Default Constraint Usage,,DF_SalesOrderHeader_Status,1,,DF_SalesOrderHeader_Status,,
1075839170::1787,DF_SalesOrderHeader_OnlineOrderFlag,Default Constraint Usage,,DF_SalesOrderHeader_OnlineOrderFlag,1,,DF_SalesOrderHeader_OnlineOrderFlag,,
1075839170::1791,DF_SalesOrderHeader_SubTotal,Default Constraint Usage,,DF_SalesOrderHeader_SubTotal,0,,DF_SalesOrderHeader_SubTotal,,
1075839170::1795,DF_SalesOrderHeader_TaxAmt,Default Constraint Usage,,DF_SalesOrderHeader_TaxAmt,0,,DF_SalesOrderHeader_TaxAmt,,
1075839170::1799,DF_SalesOrderHeader_Freight,Default Constraint Usage,,DF_SalesOrderHeader_Freight,0,,DF_SalesOrderHeader_Freight,,
1075839170::1801,DF_SalesOrderHeader_rowguid,Default Constraint Usage,,DF_SalesOrderHeader_rowguid,newid(),,DF_SalesOrderHeader_rowguid,,
1075839170::1803,DF_SalesOrderHeader_ModifiedDate,Default Constraint Usage,,DF_SalesOrderHeader_ModifiedDate,getdate(),,DF_SalesOrderHeader_ModifiedDate,,
1075839170::1828,DF_SalesOrderHeaderSalesReason_ModifiedDate,Default Constraint Usage,,DF_SalesOrderHeaderSalesReason_ModifiedDate,getdate(),,DF_SalesOrderHeaderSalesReason_ModifiedDate,,
1075839170::1847,DF_SalesPerson_Bonus,Default Constraint Usage,,DF_SalesPerson_Bonus,0,,DF_SalesPerson_Bonus,,
1075839170::1851,DF_SalesPerson_CommissionPct,Default Constraint Usage,,DF_SalesPerson_CommissionPct,0,,DF_SalesPerson_CommissionPct,,
1075839170::1855,DF_SalesPerson_SalesYTD,Default Constraint Usage,,DF_SalesPerson_SalesYTD,0,,DF_SalesPerson_SalesYTD,,
1075839170::1859,DF_SalesPerson_SalesLastYear,Default Constraint Usage,,DF_SalesPerson_SalesLastYear,0,,DF_SalesPerson_SalesLastYear,,
1075839170::1861,DF_SalesPerson_rowguid,Default Constraint Usage,,DF_SalesPerson_rowguid,newid(),,DF_SalesPerson_rowguid,,
1075839170::1863,DF_SalesPerson_ModifiedDate,Default Constraint Usage,,DF_SalesPerson_ModifiedDate,getdate(),,DF_SalesPerson_ModifiedDate,,
1075839170::1878,DF_SalesPersonQuotaHistory_rowguid,Default Constraint Usage,,DF_SalesPersonQuotaHistory_rowguid,newid(),,DF_SalesPersonQuotaHistory_rowguid,,
1075839170::1880,DF_SalesPersonQuotaHistory_ModifiedDate,Default Constraint Usage,,DF_SalesPersonQuotaHistory_ModifiedDate,getdate(),,DF_SalesPersonQuotaHistory_ModifiedDate,,
1075839170::1893,DF_SalesReason_ModifiedDate,Default Constraint Usage,,DF_SalesReason_ModifiedDate,getdate(),,DF_SalesReason_ModifiedDate,,
1075839170::1907,DF_SalesTaxRate_TaxRate,Default Constraint Usage,,DF_SalesTaxRate_TaxRate,0,,DF_SalesTaxRate_TaxRate,,
1075839170::1909,DF_SalesTaxRate_rowguid,Default Constraint Usage,,DF_SalesTaxRate_rowguid,newid(),,DF_SalesTaxRate_rowguid,,
1075839170::1911,DF_SalesTaxRate_ModifiedDate,Default Constraint Usage,,DF_SalesTaxRate_ModifiedDate,getdate(),,DF_SalesTaxRate_ModifiedDate,,
1075839170::1935,DF_SalesTerritory_SalesYTD,Default Constraint Usage,,DF_SalesTerritory_SalesYTD,0,,DF_SalesTerritory_SalesYTD,,
1075839170::1939,DF_SalesTerritory_SalesLastYear,Default Constraint Usage,,DF_SalesTerritory_SalesLastYear,0,,DF_SalesTerritory_SalesLastYear,,
1075839170::1943,DF_SalesTerritory_CostYTD,Default Constraint Usage,,DF_SalesTerritory_CostYTD,0,,DF_SalesTerritory_CostYTD,,
1075839170::1947,DF_SalesTerritory_CostLastYear,Default Constraint Usage,,DF_SalesTerritory_CostLastYear,0,,DF_SalesTerritory_CostLastYear,,
1075839170::1949,DF_SalesTerritory_rowguid,Default Constraint Usage,,DF_SalesTerritory_rowguid,newid(),,DF_SalesTerritory_rowguid,,
1075839170::1951,DF_SalesTerritory_ModifiedDate,Default Constraint Usage,,DF_SalesTerritory_ModifiedDate,getdate(),,DF_SalesTerritory_ModifiedDate,,
1075839170::1968,DF_SalesTerritoryHistory_rowguid,Default Constraint Usage,,DF_SalesTerritoryHistory_rowguid,newid(),,DF_SalesTerritoryHistory_rowguid,,
1075839170::1970,DF_SalesTerritoryHistory_ModifiedDate,Default Constraint Usage,,DF_SalesTerritoryHistory_ModifiedDate,getdate(),,DF_SalesTerritoryHistory_ModifiedDate,,
1075839170::1990,DF_ShoppingCartItem_Quantity,Default Constraint Usage,,DF_ShoppingCartItem_Quantity,1,,DF_ShoppingCartItem_Quantity,,
1075839170::1992,DF_ShoppingCartItem_DateCreated,Default Constraint Usage,,DF_ShoppingCartItem_DateCreated,getdate(),,DF_ShoppingCartItem_DateCreated,,
1075839170::1994,DF_ShoppingCartItem_ModifiedDate,Default Constraint Usage,,DF_ShoppingCartItem_ModifiedDate,getdate(),,DF_ShoppingCartItem_ModifiedDate,,
1075839170::2016,DF_SpecialOffer_DiscountPct,Default Constraint Usage,,DF_SpecialOffer_DiscountPct,0,,DF_SpecialOffer_DiscountPct,,
1075839170::2020,DF_SpecialOffer_MinQty,Default Constraint Usage,,DF_SpecialOffer_MinQty,0,,DF_SpecialOffer_MinQty,,
1075839170::2024,DF_SpecialOffer_rowguid,Default Constraint Usage,,DF_SpecialOffer_rowguid,newid(),,DF_SpecialOffer_rowguid,,
1075839170::2026,DF_SpecialOffer_ModifiedDate,Default Constraint Usage,,DF_SpecialOffer_ModifiedDate,getdate(),,DF_SpecialOffer_ModifiedDate,,
1075839170::2040,DF_SpecialOfferProduct_rowguid,Default Constraint Usage,,DF_SpecialOfferProduct_rowguid,newid(),,DF_SpecialOfferProduct_rowguid,,
1075839170::2042,DF_SpecialOfferProduct_ModifiedDate,Default Constraint Usage,,DF_SpecialOfferProduct_ModifiedDate,getdate(),,DF_SpecialOfferProduct_ModifiedDate,,
1075839170::2060,DF_Store_rowguid,Default Constraint Usage,,DF_Store_rowguid,newid(),,DF_Store_rowguid,,
1075839170::2062,DF_Store_ModifiedDate,Default Constraint Usage,,DF_Store_ModifiedDate,getdate(),,DF_Store_ModifiedDate,,
